auto,Autoflorecientes
autoflorecientes,Autoflorecientes
automáticas,Autoflorecientes
colección autoflorecientes ,Autoflorecientes
colección automáticas,Autoflorecientes
semillas - auto,Autoflorecientes
semillas autoflorecientes,Autoflorecientes
semillas automáticas,Autoflorecientes
ampolletas bajo consumo CFL,Bajo Consumo
bajo consumo,Bajo Consumo
cfl,Bajo Consumo
balastro electronico,Ballasts
balastro magnetico,Ballasts
balastros,Ballasts
balastros electrónicos,Ballasts
balastros magnéticos,Ballasts
ballast,Ballasts
ballast electronicos,Ballasts
ballast magneticos,Ballasts
ballastros,Ballasts
accesorios bongs,Bongs
arguile,Bongs
bong,Bongs
bong acrilico,Bongs
bong de pyrex,Bongs
bong pyrex,Bongs
bong y adaptadores ,Bongs
Bongs,Bongs
bongs ,Bongs
bongs acrílicos,Bongs
bongs de pyrex,Bongs
bongs para extracciones,Bongs
bongs pyrex,Bongs
bongs silicona,Bongs
bongs vidrio,Bongs
bongs y pipas,Bongs
bongs y pipas de silicona,Bongs
glass / borosilicato,Bongs
narguile,Bongs
armario de cultivo,Carpas
armario indoor,Carpas
armarios,Carpas
armarios ac,Carpas
armarios carpas cultivo indoor,Carpas
armarios cultivo interior top garden,Carpas
armarios de cultivo,Carpas
armarios de cultivo indoor,Carpas
armarios indoor,Carpas
"Armarios Indoor ""carpas""",Carpas
carpa cultivo,Carpas
carpas,Carpas
carpas / armarios grow tent,Carpas
carpas de cultivo,Carpas
carpas e invernaderos,Carpas
carpas indoor,Carpas
"carpas, armarios",Carpas
grandes - desde 130 x 130 en adelante,Carpas
invernaderos,Carpas
CO2,CO2
control de CO2,CO2
ozonificadores y purificadores,CO2
sistemas de CO2,CO2
aromatizadores,Control Olor
carbon,Control Olor
control de olor,Control Olor
control de olores,Control Olor
control olor,Control Olor
filtro de osmosis ,Control Olor
filtro para fumar,Control Olor
filtros,Control Olor
filtros anti olor,Control Olor
filtros antiolor,Control Olor
filtros carbón activado,Control Olor
filtros carbono activo,Control Olor
filtros de carbón,Control Olor
filtros de olor,Control Olor
filtros de osmosis,Control Olor
filtros polen,Control Olor
filtros y olor,Control Olor
neutralizadores de olor,Control Olor
olor,Control Olor
olores,Control Olor
reductores neutralizadores de olor,Control Olor
ventilación control olor,control Olor
control de plaga,Control Plagas
control de plagas,Control Plagas
control plagas,Control Plagas
plagas ,Control Plagas
plagas y hongos,Control Plagas
abrazadera,Ductos
abrazaderas,Ductos
abrazaderas y acoples,Ductos
abrazaderas y ductos,Ductos
acoples,Ductos
ducto,Ductos
ducto insonorizado,Ductos
ductos,Ductos
ductos / conexiones ,Ductos
ductos 102 mm,Ductos
ductos aluminio,Ductos
ductos de aluminio,Ductos
ductos insonorizados,Ductos
sellos,Ductos
tubos extractores,Ductos
tubos ventilación extracción,Ductos
encendedor,Encendedores
encendedor / soplete,Encendedores
encendedores,Encendedores
encendedores / sopletes,Encendedores
sopletes,Encendedores
rolling machine,Enroladores
enrolado,Enroladores
máquinas para enrolar,Enroladores
extractor,Extractores
extractores ,Extractores
extractores centrífugos,Extractores
extractores de aire,Extractores
extractores de línea,Extractores
extractores de pared,Extractores
extractores en linea,Extractores
extractos de aire,Extractores
colección feminizadas,Feminizadas
fem,Feminizadas
feminizada,Feminizadas
feminizadas,Feminizadas
semillas feminizadas,Feminizadas
abonos,Fertilizantes
abonos e insecticidas orgánicos,Fertilizantes
abonos y fertilizantes,Fertilizantes
abonos y fertlizantes,Fertilizantes
aditivos,Fertilizantes
bioestimulantes,Fertilizantes
enraizante,Fertilizantes
enraizantes,Fertilizantes
estimulante,Fertilizantes
estimulantes,Fertilizantes
estimulantes de floración,Fertilizantes
Estimulantes de Raíz,Fertilizantes
Estimulantes de Raíz,Fertilizantes
estimulantes radiculares,Fertilizantes
estimulantes vegetativos,Fertilizantes
fertilizante,Fertilizantes
fertilizante por marca,Fertilizantes
fertilizantes ,Fertilizantes
fertilizantes - abono,Fertilizantes
fertilizantes atami,Fertilizantes
fertilizantes contra reloj,Fertilizantes
fertilizantes por etapas,Fertilizantes
fertilizantes por marca,Fertilizantes
fertilizantes y abono,Fertilizantes
fertilizantes y potenciadores,Fertilizantes
"fertilizantes, estimulantes y potenciadores",Fertilizantes
guano rojo,Fertilizantes
humus de lombriz,Fertilizantes
nutrientes,Fertilizantes
potenciadores,Fertilizantes
potenciadores y bioestimulantes,Fertilizantes
ampolletas de Haluro,Haluro
ampolletas halogenuro metálico,Haluro
ampolletas haluro,Haluro
haluro,Haluro
haluro (crecimiento),Haluro
haluro metálico,Haluro
accesorios de jardinería,Herramientas Cultivo
accesorios jardinería,Herramientas Cultivo
balanzas,Herramientas Cultivo
basculas,Herramientas Cultivo
básculas,Herramientas Cultivo
bolsas de cultivo,Herramientas Cultivo
colectores,Herramientas Cultivo
contenedores,Herramientas Cultivo
contenedores altos,Herramientas Cultivo
contenedores de madera,Herramientas Cultivo
contenedores de silicona,Herramientas Cultivo
contenedores de vidrio,Herramientas Cultivo
contenedores metálicos,Herramientas Cultivo
contenedores para extracciones,Herramientas Cultivo
contenedores plásticos,Herramientas Cultivo
curado y transporte,Herramientas Cultivo
después de la cosecha,Herramientas Cultivo
envases,Herramientas Cultivo
gramera,Herramientas Cultivo
grameras,Herramientas Cultivo
grameras / pesa,Herramientas Cultivo
Herramientas,Herramientas Cultivo
herramientas ,Herramientas Cultivo
herramientas de cultivo,Herramientas Cultivo
herramientas de jardinería,Herramientas Cultivo
lupas,Herramientas Cultivo
lupas / microscopios,Herramientas Cultivo
lupas microscopios,Herramientas Cultivo
microscopios,Herramientas Cultivo
microscopios y poleas,Herramientas Cultivo
microspocios,Herramientas Cultivo
percolator ,Herramientas Cultivo
pesas,Herramientas Cultivo
pesas (basculas),Herramientas Cultivo
poda y scrog,Herramientas Cultivo
poleas,Herramientas Cultivo
polera,Herramientas Cultivo
poleras,Herramientas Cultivo
secado y accesorios,Herramientas Cultivo
secado y curado,Herramientas Cultivo
secadores,Herramientas Cultivo
tijeras,Herramientas Cultivo
tijeras podadoras,Herramientas Cultivo
timer,Herramientas Cultivo
control de humedad,Humedad
deshumidificadores,Humedad
humedad,Humedad
humidificador,Humedad
humidificadores,Humedad
humificadores,Humedad
termohigrometros,humedad
termohigrómetros,humedad
pack control temperatura,kit Control
100 x 100,Kit Cultivo
120 x 120,Kit Cultivo
40 x 40,Kit Cultivo
60 x 60,Kit Cultivo
80 x 80,Kit Cultivo
combos cultivo,Kit Cultivo
combos indoor,Kit Cultivo
cultivo completo,Kit Cultivo
indoor y kits 100 x 100 x 200 cm,Kit Cultivo
indoor y kits 120 x 120 x 200 cm,Kit Cultivo
indoor y kits 240 x 120 x 200 cm,Kit Cultivo
indoor y kits 300 x 200 x 200 cm,Kit Cultivo
indoor y kits 60 x 60 x 160 cm,Kit Cultivo
indoor y kits 80 x 80 x 180 cm,Kit Cultivo
kit 100,Kit Cultivo
kit 100 x 100,Kit Cultivo
kit 120,Kit Cultivo
kit 120 x 120,Kit Cultivo
kit 40 x 40,Kit Cultivo
kit 60,Kit Cultivo
kit 60 x 60,Kit Cultivo
kit 80 ,Kit Cultivo
kit 80 x 80,Kit Cultivo
kit armario,Kit Cultivo
kit cultivo,Kit Cultivo
kit de cultivo,Kit Cultivo
kit de cultivo básico,Kit Cultivo
kit de cultivo completo,Kit Cultivo
kit full indoor,Kit Cultivo
kit indoor,Kit Cultivo
kits 100,Kit Cultivo
kits 120,Kit Cultivo
kits 60,Kit Cultivo
kits 80,Kit Cultivo
kits básicos,Kit Cultivo
kits completos,Kit Cultivo
kits de cultivo,Kit Cultivo
kits de cultivo completos,Kit Cultivo
kits de cultivo exterior,Kit Cultivo
kits de exterior,Kit Cultivo
kits indoor,Kit Cultivo
kits indoor contra reloj,Kit Cultivo
kits outdoor,Kit Cultivo
nuevos kits de cultivo,Kit Cultivo
pack cultivo,Kit Cultivo
pack de cultivo,Kit Cultivo
pack de cultivo indoor completos,Kit Cultivo
pack indoor,Kit Cultivo
packs cultivo,Kit Cultivo
Packs de Cultivos,Kit Cultivo
kits de nutrientes,Kit Fertilizantes
pack aditivos,Kit Fertilizantes
pack crecimiento,Kit Fertilizantes
pack crecimiento + floración,Kit Fertilizantes
Pack de Fertilizantes,Kit Fertilizantes
pack fertilizantes tripack,Kit Fertilizantes
pack floración,Kit Fertilizantes
packs crecimiento,Kit Fertilizantes
packs fertilizantes,Kit Fertilizantes
promociones y combos jardinería,Kit Herramientas
combos iluminación,Kit Iluminación
combos indoor LED,Kit Iluminación
Iluminación KIT,Kit Iluminación
kit ballast,Kit Iluminación
kit de iluminación,Kit Iluminación
kit de iluminación básico,Kit Iluminación
kit de iluminación lec,Kit Iluminación
kit iluminación,Kit Iluminación
kit led,Kit Iluminación
kits alta presión,Kit Iluminación
kits de cultivo led,Kit Iluminación
kits de iluminación ,Kit Iluminación
kits de iluminación completo,Kit Iluminación
kits iluminación,Kit Iluminación
Pack cultivo LED,Kit Iluminación
Pack cultivo Sodio,Kit Iluminación
Pack cultivo Sodio Haluro,Kit Iluminación
pack iluminación,Kit Iluminación
pack iluminación HPS - HM,Kit Iluminación
packs iluminación,Kit Iluminación
carpas y kits indoor,Kit Indoor
kit plantas,Kit Semillas
combos sustrato + fertilizante,Kit Sustratos
kits sustratos,Kit Sustratos
pack de sustratos,Kit Sustratos
kit control olor cultivo indoor,Kit Ventilación
kit extracción & filtros,Kit Ventilación
kits de filtros,Kit Ventilación
kits de ventilación,Kit Ventilación
Pack de ventilación,Kit Ventilación
pack filtro de olor,Kit Ventilación
cultivo LED,LED
iluminación LED,LED
iluminación LED de alta gama,LED
iluminación LED profesional,LED
iluminación LED testla ,LED
Lámparas LED cultivo indoor,LED
led,LED
LED ,LED
LED apollo,LED
led indoor,LED
LED TESLA,LED
LEDs,LED
LEDs de cultivo,LED
accesorios para macetas,Macetas
bandejas,Macetas
bandejas plásticas termoformadas,Macetas
maceta,Macetas
maceta cuadrada,Macetas
macetas,Macetas
Macetas / Bandejas,Macetas
macetas / bandejas ,Macetas
macetas cuadradas,Macetas
macetas de plásticos,Macetas
macetas plasticas,Macetas
macetas plástico cuadradas,Macetas
macetas plástico redondas,Macetas
macetas redondas,Macetas
macetas rejilla,Macetas
macetas textiles,Macetas
macetas y bandejas,Macetas
macetas y complementos,Macetas
macetas y contenedores,Macetas
macetas y herramientas,Macetas
macetas y platos,Macetas
"macetas, platos",Macetas
maceteros,Macetas
maceteros geotextiles,Macetas
maceteros plásticos,Macetas
maceteros y platos,Macetas
maceteros y propagación,Macetas
platos cuadrados,Macetas
platos y otros,Macetas
cbd,Medicinales
cbd / medicinal,Medicinales
cbd medicinal,Medicinales
colección medicinal,Medicinales
colección medicinales,Medicinales
Medicinal,Medicinales
medicinales,Medicinales
semillas cbd,Medicinales
semillas medicianales CBD,Medicinales
semillas medicinales,Medicinales
grinder,Moledores
grinder / moledores,Moledores
grinders,Moledores
moledor,Moledores
moledores,Moledores
moledores (grinders),Moledores
moledores acrílico,Moledores
moledores de plástico,Moledores
moledores madera,Moledores
moledores metal,Moledores
moledores metálicos,Moledores
moledores plástico,Moledores
papelería,Papelillos
papeles,Papelillos
papeles / celulosa,Papelillos
papeles y filtros,Papelillos
papelilllos,Papelillos
papelillo de oro,Papelillos
papelillos,Papelillos
papelillos y tips,Papelillos
blunt,Papelillos
celulosa,Papelillos
ajustador de Ph,Ph y Ec
ajustador Ph,Ph y Ec
control de Ph,Ph y Ec
control Ec,Ph y Ec
control Ph,Ph y Ec
control Ph y Ec,Ph y Ec
medición pH y Ec,Ph y Ec
medidores de Ec y Ph,Ph y Ec
medidores de Ph y Ec,Ph y Ec
medidores pH y Ec,Ph y Ec
pH Y Ec DEL AGUA,Ph y Ec
reguladores de Ph,Ph y Ec
7 pipe,Pipas
Pipas,Pipas
pipas ,Pipas
pipas de metal,Pipas
pipas de pyrex,Pipas
pipas de silicona,Pipas
pipas metal,Pipas
pipas ocultas,Pipas
pipas piedra,Pipas
pipas pyrex,Pipas
pipas pyrex superhigh,Pipas
pipas silicona,Pipas
reflector,Reflectores
reflectores,Reflectores
accesorio de riego,Riego
accesorios para riego ,Riego
h2o,Riego
riego,Riego
riego automático,Riego
sistema de riego,Riego
ampolletas alta presión sodio,Sodio
ampolletas de sodio,Sodio
ampolletas sodio,Sodio
Iluminación Sodio,Sodio
sodio,Sodio
sodio (floración),Sodio
fibra de coco,Sustratos
sustrato,Sustratos
sustrato fungi,Sustratos
sustratos,Sustratos
sustratos crecimiento,Sustratos
sustratos germinación,Sustratos
sustratos hidroponia,Sustratos
sustratos profesionales,Sustratos
sustratos y medios,Sustratos
tierra,Sustratos
tierra de hojas,Sustratos
tierras y sustratos,Sustratos
calefactores para indoor,Temperatura
control de temperatura,Temperatura
temperatura,temperatura
temporizadores,Temporizadores
cigarrillo electrónico,Vaporizadores
cigarrillos electronicos,Vaporizadores
cigarros eléctricos,Vaporizadores
cigarros electrónicos,Vaporizadores
vapor,Vaporizadores
vaporización,Vaporizadores
Vaporización ,Vaporizadores
vaporizador,Vaporizadores
vaporizador smok,Vaporizadores
vaporizadores,Vaporizadores
vaporizadores (bocanada),Vaporizadores
vaporizadores hierbas secas,Vaporizadores
vapos,Vaporizadores
ventilación,Ventiladores
ventilación - olor,Ventiladores
ventilación / olor,Ventiladores
ventilación cultivo,Ventiladores
ventiladores,Ventiladores
ventiladores y accesorios,Ventiladores
vetilación,Ventiladores